{
  "Workflows": [
    {
      "Path": null,
      "SortBy": 0,
      "VariablesSectionElementsOrder": [],
      "ArgumentsSectionElementsOrder": null,
      "ConstantsSectionElementsOrder": [],
      "AddedNamespaces": null
    },
    {
      "Path": "Main.xaml",
      "SortBy": 0,
      "VariablesSectionElementsOrder": [
        "TransactionItem&StateMachine_1",
        "SystemException&StateMachine_1",
        "BusinessException&StateMachine_1",
        "TransactionNumber&StateMachine_1",
        "Config&StateMachine_1",
        "RetryNumber&StateMachine_1",
        "TransactionField2&StateMachine_1",
        "TransactionField1&StateMachine_1",
        "TransactionID&StateMachine_1",
        "dt_TransactionData&StateMachine_1",
        "ConsecutiveSystemExceptions&StateMachine_1",
        "ShouldStop&Sequence_25"
      ],
      "ArgumentsSectionElementsOrder": [
        "in_OrchestratorQueueName",
        "in_OrchestratorQueueFolder"
      ],
      "ConstantsSectionElementsOrder": [],
      "AddedNamespaces": null
    },
    {
      "Path": "ACME_RE/ACME_RE_Dispatcher.xaml",
      "SortBy": 0,
      "VariablesSectionElementsOrder": [
        "dtFilteredData&Sequence_13",
        "strFileName&Sequence_12",
        "dtQueueItems&Sequence_13",
        "strCurrentItemRef&Sequence_14",
        "IsQueueItemMatches&Sequence_14"
      ],
      "ArgumentsSectionElementsOrder": [
        "in_Config"
      ],
      "ConstantsSectionElementsOrder": [],
      "AddedNamespaces": null
    },
    {
      "Path": "ACME_System1/ACME_System1_GetAccountTypeW1.xaml",
      "SortBy": 0,
      "VariablesSectionElementsOrder": [
        "strFilterData&Sequence_13"
      ],
      "ArgumentsSectionElementsOrder": [
        "in_dtAccountsData",
        "out_dtAccountTypeW1"
      ],
      "ConstantsSectionElementsOrder": [],
      "AddedNamespaces": null
    },
    {
      "Path": "Framework/Process.xaml",
      "SortBy": 0,
      "VariablesSectionElementsOrder": [],
      "ArgumentsSectionElementsOrder": [
        "in_TransactionItem",
        "in_Config"
      ],
      "ConstantsSectionElementsOrder": [],
      "AddedNamespaces": null
    },
    {
      "Path": "Framework/GetTransactionData.xaml",
      "SortBy": 0,
      "VariablesSectionElementsOrder": [],
      "ArgumentsSectionElementsOrder": [
        "in_TransactionNumber",
        "in_Config",
        "out_TransactionItem",
        "out_TransactionField1",
        "out_TransactionField2",
        "out_TransactionID",
        "io_dt_TransactionData"
      ],
      "ConstantsSectionElementsOrder": [],
      "AddedNamespaces": null
    },
    {
      "Path": "Framework/InitAllApplications.xaml",
      "SortBy": 0,
      "VariablesSectionElementsOrder": [
        "strFileName&Sequence_9",
        "strUserName&Sequence_24",
        "sstrUserPassword&Sequence_24",
        "boolInvalidCredentials&Sequence_24"
      ],
      "ArgumentsSectionElementsOrder": [
        "in_Config"
      ],
      "ConstantsSectionElementsOrder": [],
      "AddedNamespaces": null
    },
    {
      "Path": "Framework/KillAllProcesses.xaml",
      "SortBy": 0,
      "VariablesSectionElementsOrder": [],
      "ArgumentsSectionElementsOrder": [
        "in_arrProcessesNames"
      ],
      "ConstantsSectionElementsOrder": [],
      "AddedNamespaces": null
    },
    {
      "Path": "Framework/InitAllSettings.xaml",
      "SortBy": 0,
      "VariablesSectionElementsOrder": [
        "dt_SettingsAndConstants&Sequence_5",
        "dt_Assets&Sequence_6",
        "AssetValue&Sequence_11"
      ],
      "ArgumentsSectionElementsOrder": [
        "in_ConfigFile",
        "in_ConfigSheets",
        "out_Config"
      ],
      "ConstantsSectionElementsOrder": [],
      "AddedNamespaces": null
    },
    {
      "Path": "ACME_System1/ACME_System1_ScrapeWorkItems.xaml",
      "SortBy": 0,
      "VariablesSectionElementsOrder": [
        "boolFoundWorkItems&Sequence_4",
        "ExtractDataTable&Sequence_13",
        "strAllAccountsData&Sequence_14"
      ],
      "ArgumentsSectionElementsOrder": [
        "out_dtWorkItems"
      ],
      "ConstantsSectionElementsOrder": [],
      "AddedNamespaces": null
    },
    {
      "Path": "ACME_RE/ACME_Dispatcher.xaml",
      "SortBy": 0,
      "VariablesSectionElementsOrder": [
        "strFileName&Sequence_12",
        "dtQueueItems&Sequence_13",
        "dtFilteredData&Sequence_13",
        "strCurrentItemRef&Sequence_14",
        "IsQueueItemMatches&Sequence_14"
      ],
      "ArgumentsSectionElementsOrder": [
        "in_Config"
      ],
      "ConstantsSectionElementsOrder": [],
      "AddedNamespaces": null
    },
    {
      "Path": "ACME_System/ACME_ClickWorkItems.xaml",
      "SortBy": 0,
      "VariablesSectionElementsOrder": [
        "boolDashboardFound&Sequence_2",
        "boolFoundWorkItems&Sequence_9"
      ],
      "ArgumentsSectionElementsOrder": [],
      "ConstantsSectionElementsOrder": [],
      "AddedNamespaces": null
    },
    {
      "Path": "ACME_System/ACME_GetAccountTypeW1.xaml",
      "SortBy": 0,
      "VariablesSectionElementsOrder": [
        "strFilterData&Sequence_13"
      ],
      "ArgumentsSectionElementsOrder": [
        "in_dtAccountsData",
        "out_dtAccountTypeW1"
      ],
      "ConstantsSectionElementsOrder": [],
      "AddedNamespaces": null
    },
    {
      "Path": "ACME_System/ACME_Launch.xaml",
      "SortBy": 0,
      "VariablesSectionElementsOrder": [
        "strFileName&Sequence_1",
        "boolValidPrecondition&Sequence_5",
        "boolValidPostcondition&Sequence_7"
      ],
      "ArgumentsSectionElementsOrder": [
        "in_intRetryNumber",
        "in_tspRetryInterval",
        "in_intTimeoutM",
        "in_intTimeoutS",
        "in_strACMEUrl"
      ],
      "ConstantsSectionElementsOrder": [],
      "AddedNamespaces": null
    },
    {
      "Path": "ACME_System/ACME_Login.xaml",
      "SortBy": 0,
      "VariablesSectionElementsOrder": [
        "strFileName&Sequence_1",
        "boolValidPrecondition&Sequence_5",
        "boolACMEIsLoggedIn&Sequence_7"
      ],
      "ArgumentsSectionElementsOrder": [
        "in_intRetryNumber",
        "in_tspRetryInterval",
        "in_intTimeoutM",
        "in_intTimeoutS",
        "in_credACMEAccount",
        "out_boolInvalidCredentials"
      ],
      "ConstantsSectionElementsOrder": [],
      "AddedNamespaces": null
    },
    {
      "Path": "ACME_System/ACME_Logout.xaml",
      "SortBy": 0,
      "VariablesSectionElementsOrder": [
        "strFileName&Sequence_1",
        "boolValidPrecondition&Sequence_5",
        "boolValidPostcondition&Sequence_7"
      ],
      "ArgumentsSectionElementsOrder": [
        "in_intRetryNumber",
        "in_tspRetryInterval",
        "in_intTimeoutM",
        "in_intTimeoutS"
      ],
      "ConstantsSectionElementsOrder": [],
      "AddedNamespaces": null
    },
    {
      "Path": "ACME_System/ACME_System.xaml",
      "SortBy": 0,
      "VariablesSectionElementsOrder": [
        "strFileName&Sequence_1",
        "boolValidPrecondition&Sequence_5",
        "boolValidPostcondition&Sequence_7"
      ],
      "ArgumentsSectionElementsOrder": [
        "in_intRetryNumber",
        "in_tspRetryInterval",
        "in_intTimeoutL",
        "in_intTimeoutM",
        "in_intTimeoutS",
        "in_intDelayS"
      ],
      "ConstantsSectionElementsOrder": [],
      "AddedNamespaces": null
    },
    {
      "Path": "ACME_System/ACME_ScrapeWorkItems.xaml",
      "SortBy": 0,
      "VariablesSectionElementsOrder": [
        "boolFoundWorkItems&Sequence_4",
        "ExtractDataTable&Sequence_13",
        "strAllAccountsData&Sequence_14"
      ],
      "ArgumentsSectionElementsOrder": [
        "out_dtWorkItems"
      ],
      "ConstantsSectionElementsOrder": [],
      "AddedNamespaces": null
    }
  ]
}