{
  "Workflows": [
    {
      "Path": null,
      "SortBy": 0,
      "VariablesSectionElementsOrder": [
        "intMovieCount&"
      ],
      "ArgumentsSectionElementsOrder": null,
      "ConstantsSectionElementsOrder": [],
      "AddedNamespaces": null
    },
    {
      "Path": "Main.xaml",
      "SortBy": 0,
      "VariablesSectionElementsOrder": [
        "intMovieCount&afe9be3f-ce4d-44b3-a5e2-336bba500e23"
      ],
      "ArgumentsSectionElementsOrder": [],
      "ConstantsSectionElementsOrder": [],
      "AddedNamespaces": null
    },
    {
      "Path": "numberofmovies.xaml",
      "SortBy": 0,
      "VariablesSectionElementsOrder": [
        "intMovieCount&afe9be3f-ce4d-44b3-a5e2-336bba500e23"
      ],
      "ArgumentsSectionElementsOrder": [],
      "ConstantsSectionElementsOrder": [],
      "AddedNamespaces": null
    },
    {
      "Path": "TopRatingMovies.xaml",
      "SortBy": 0,
      "VariablesSectionElementsOrder": [
        "intMovieCount&afe9be3f-ce4d-44b3-a5e2-336bba500e23",
        "index&Sequence_1",
        "increamentByOnee&Sequence_2",
        "movieCollection&Sequence_1",
        "strRating&Sequence_1",
        "strTitle&Sequence_1",
        "strYear&Sequence_1"
      ],
      "ArgumentsSectionElementsOrder": [],
      "ConstantsSectionElementsOrder": [],
      "AddedNamespaces": null
    }
  ]
}