{"ProjectBreakpoints":"{\"Value\":{},\"CodeBreakpoints\":{}}","OpenedDocuments":"[{\"DocumentPath\":\"numberofmovies.xaml\",\"FactoryId\":\"{ACB8E7BA-F093-44C1-9B50-33ECA51AAE16}\"},{\"DocumentPath\":\"Main.xaml\",\"FactoryId\":\"{ACB8E7BA-F093-44C1-9B50-33ECA51AAE16}\"},{\"DocumentPath\":\"TopRatingMovies.xaml\",\"FactoryId\":\"{ACB8E7BA-F093-44C1-9B50-33ECA51AAE16}\"}]","ProjectActivitiesViewState":"{\"Main.xaml\":[{\"ActivityIdRef\":\"ForEach`1_1\",\"IsAdvancedOptionsExpanded\":false,\"Categories\":{\"\":true},\"Widgets\":{\"Body\":{\"ShowExpanded\":true}}},{\"ActivityIdRef\":\"NGetText_2\",\"IsAdvancedOptionsExpanded\":false,\"Categories\":{\"Timings\":true,\"Input/Output\":true,\"Options\":true},\"Widgets\":{}},{\"ActivityIdRef\":\"NGetText_3\",\"IsAdvancedOptionsExpanded\":false,\"Categories\":{\"Timings\":true,\"Input/Output\":true,\"Options\":true},\"Widgets\":{}},{\"ActivityIdRef\":\"NGetText_4\",\"IsAdvancedOptionsExpanded\":false,\"Categories\":{\"Timings\":true,\"Input/Output\":true,\"Options\":true},\"Widgets\":{}},{\"ActivityIdRef\":\"InterruptibleWhile_1\",\"IsAdvancedOptionsExpanded\":false,\"Categories\":{\"\":true},\"Widgets\":{\"Body\":{\"ShowExpanded\":true}}},{\"ActivityIdRef\":\"LogMessage_1\",\"IsAdvancedOptionsExpanded\":false,\"Widgets\":{}},{\"ActivityIdRef\":\"NGetText_5\",\"IsAdvancedOptionsExpanded\":false,\"Categories\":{\"Timings\":true,\"Input/Output\":true,\"Options\":true},\"Widgets\":{}},{\"ActivityIdRef\":\"InvokeWorkflowFile_1\",\"IsAdvancedOptionsExpanded\":false,\"Categories\":{\"Common\":true,\"Options\":true,\"Log\":true},\"Widgets\":{}},{\"ActivityIdRef\":\"InvokeWorkflowFile_2\",\"IsAdvancedOptionsExpanded\":false,\"Categories\":{\"Common\":true,\"Options\":true,\"Log\":true},\"Widgets\":{}}],\"TopRatingMovies.xaml\":[{\"ActivityIdRef\":\"InterruptibleWhile_1\",\"IsAdvancedOptionsExpanded\":false,\"Categories\":{\"\":true},\"Widgets\":{\"Body\":{\"ShowExpanded\":true}}},{\"ActivityIdRef\":\"NGetText_3\",\"IsAdvancedOptionsExpanded\":false,\"Categories\":{\"Timings\":true,\"Input/Output\":true,\"Options\":true},\"Widgets\":{}},{\"ActivityIdRef\":\"NGetText_4\",\"IsAdvancedOptionsExpanded\":false,\"Categories\":{\"Timings\":true,\"Input/Output\":true,\"Options\":true},\"Widgets\":{}},{\"ActivityIdRef\":\"NGetText_5\",\"IsAdvancedOptionsExpanded\":false,\"Categories\":{\"Timings\":true,\"Input/Output\":true,\"Options\":true},\"Widgets\":{}},{\"ActivityIdRef\":\"LogMessage_1\",\"IsAdvancedOptionsExpanded\":false,\"Widgets\":{}}]}","Compiler":"2","ProjectWatches":"{\"Value\":[]}"}